Number of Rows (Aggregated),Age,CODED_PARTY_AFFILIATION,age_stddev,Score,General,Primary,Special
180871,46.113133450,0.030402884,17.981243828,0.139938400,0.259483368,0.052249958,0.022999935
